time,CO2air,CO2top
0,788.2208582320092,788.2208582320092
1,640.4631101599324,661.4476886674498
2,547.7769409748894,561.4973800583776
3,487.245800504012,496.2067167684414
4,447.71264930711504,453.56402505632684
5,421.89309881433303,425.7150091678011
6,405.0302348929601,407.52657287282165
7,394.0170334342043,395.6474079074274
8,386.82425291282095,387.8889650202026
9,381.8166433694354,382.55638862181405
10,378.5498315631723,379.03366118615656
11,376.41352876051326,376.72987106326406
12,375.0164905268309,375.223361684094
13,374.1029008058742,374.23819591547965
14,373.82647843809576,373.8693289209307
15,373.63767071098425,373.6656212904301
16,373.5143527826836,373.53260776298913
17,373.75493345074386,373.7212687710592
18,373.9035683565001,373.88158123139846
19,374.00051278174504,373.9861691469272
20,374.0637458149744,374.0543912079087
21,374.10499067263964,374.0988899533016
22,374.1318933804798,374.1279145124294
23,374.1494410463827,374.14684665844527
24,374.1608868769748,374.159194918258
25,374.1683525791952,374.16724929534195
26,374.17322217608677,374.17250302890506
27,374.17639845695817,374.175929803782
28,374.178470231568,374.1781649941682
29,374.179821584671,374.17962289280365
30,374.18070302107975,374.1805738546374
31,374.18127795336795,374.18119410716565
32,374.62972182719795,374.56613127967904
33,375.2293173158371,375.14265981859523
34,375.6109636769073,375.5545821809926
35,375.8591250747017,375.8224601948399
36,376.0204922438445,375.99665363186597
37,376.4429889689467,376.3825137215657
38,376.7091783914713,376.66987295586114
39,376.8820406468876,376.85651585987216
40,376.99430033317503,376.9777264631645
41,377.0672042282944,377.05643981560144
42,377.1145489332521,377.1075598470354
43,377.1452955488964,377.1407576029483
44,377.16526295206063,377.1623168183773
45,377.17823014847863,377.17631793821096
46,377.8816694577502,377.7820987221991
47,378.3193049479469,378.25474312124516
48,378.6026953364153,378.5608874003036
49,378.78621421974293,378.7591413819438
50,378.59075323032,378.6177093722414
51,378.472113860604,378.4896291716723
52,378.3951926208439,378.4065499476578
53,378.34531542217275,378.3526808002105
54,378.3129742585766,378.3177507601881
55,378.292003641086,378.29510190136216
56,378.2784059298597,378.2804161721599
57,378.26958899191754,378.27089344753483
58,378.32685281391906,378.3187848081412
59,378.3623515971959,378.35711477182207
60,378.3853622422363,378.3819689029902
61,378.4002789341555,378.39808053568214
62,378.40994871565226,378.4085247400104
63,378.41621717628664,378.41529496799484
64,378.42028064632206,378.41968417743084
65,378.42291483436986,378.42252923814755
66,378.4246224339809,378.42437363090414
67,378.42572939119754,378.425569226238
68,378.80383136420966,378.75033294285817
69,379.03883689477334,379.00417265494445
70,379.19093732996976,379.1685022177047
71,378.6613823877557,378.7357986461073
72,378.3339374079304,378.38228869236053
73,378.12146355015193,378.1528405883315
74,377.98358512697365,378.00395090708605
75,378.20934343347136,378.17792213843836
76,378.3475312635171,378.32714006211415
77,378.43708342114843,378.42386817779834
78,378.4951206799288,378.48655571815203
79,378.5327333494099,378.5271847055193
80,378.5571097657258,378.5535143029104
81,378.25816428659795,378.3004192091834
82,378.0722872415189,378.0997430987054
83,377.9516744987967,377.9694921366079
84,377.87340686684456,377.88496797305
85,377.822617214558,377.83012041601944
86,377.7896588523822,377.7945292471616
87,377.83138368377314,377.82560613504864
88,377.85682595586866,377.8530726421204
89,377.87333053000134,377.8708965900879
90,377.5683850593247,377.61152986737613
91,377.3784355674583,377.4064900813779
92,377.25505238716454,377.27327541717506
93,378.1222010868848,378.0000813864172
94,378.65893641730423,378.57982683564336
95,379.0062310775824,378.9550466943317
96,379.2309590669601,379.19784599967375
97,379.3763770176831,379.3549535471104
98,379.15692291323285,379.187384419587
99,379.02280656330197,379.0425778205679
100,378.93591691858336,378.94872935135203
101,378.8796200616893,378.8879241079642
102,379.40800302210863,379.33356193953716
103,379.73502532235517,379.6868538115276
104,379.63348152005386,379.64656347948073
105,379.5758153808346,379.58431203954086
106,379.5384964377948,379.54399675269065
107,379.514341837413,379.5179035715405
108,379.4987080456781,379.5010138992322
109,379.48858906020064,379.4900826125826
110,379.48203957224274,379.48300763222704
111,379.4778004848017,379.4784282584308
112,379.47505670557246,379.47546468589053
113,379.1597390668311,379.2043035511683
114,378.963452105084,378.992363555046
115,379.1502223319917,379.1246148103908
116,379.5764561731485,379.5156169901844
117,379.8439153895437,379.80455458082304
118,380.01679828908283,379.9913519673726
119,380.12855176929344,380.112098592381
120,379.8882050163985,379.9217298722703
121,379.74068483515566,379.7624010705591
122,379.64520625697367,379.6592658262756
123,379.5834087270642,379.5925116835436
124,379.5434112100388,379.54930229204615
125,379.5175227565548,379.5213370813763
126,379.50076661439533,379.5032372183372
127,379.48992141800886,379.49152172226803
128,379.48290189843556,379.4839392338954
129,379.16482592799775,379.20977704355687
130,378.96674726849255,378.9959143137001
131,378.7126802818607,378.7493611772288
132,378.9283419465932,378.8988797535902
133,379.37195728408864,379.30862874525275
134,379.65072602915495,379.6097459003902
135,379.83096465408335,379.8044647345167
136,379.3212696197981,379.3925306690329
137,379.006959898936,379.0532181540335
138,378.80322372493134,378.8332086290586
139,378.6711557737063,378.6905734104122
140,378.5855394940473,378.5981413422518
141,378.53004292124047,378.53820576030313
142,378.49406670130793,378.49935975133036
143,378.5336678523574,378.5282277149936
144,378.809216662817,378.77024590248493
145,378.98115330997524,378.9559157702671
146,379.09246330785925,379.0761244237745
147,379.1645244037407,379.15395363106177
148,379.211177746859,379.2043337616499
149,379.2413806006651,379.2369515466201
150,378.6329148673921,378.71855035833073
151,378.3170597117981,378.3638302195095
152,378.110501286803,378.1408427056081
153,378.6062378000566,378.5372716950815
154,378.9109650543835,378.8662835871231
155,379.10818448389347,379.07926929574325
156,379.2358306805399,379.21711900484473
157,379.3184472316516,379.3063368092628
158,379.0582645299089,379.09454975540956
159,378.89768012513093,378.9212352826524
160,378.7936181207819,378.8088912968966
161,378.7261801614369,378.7360846072682
162,378.6824772426282,378.6888948416031
163,378.40250027587757,378.4421311003557
164,378.227323487374,378.2530568741587
165,378.1136834437999,378.13039198843194
166,378.03996374782247,378.05080322735665
167,377.9921390805275,377.9991720531205
168,377.9611135369516,377.9656775081412
169,378.2561306461486,378.21468179401614
170,378.43919224229074,378.4122931158637
171,378.55779047879673,378.54035743278985
172,378.63462950376106,378.6233357938941
173,378.9985849805078,378.9469667249859
174,379.2260237215654,379.1925960206818
175,379.37318694939,379.3515640597049
176,379.46841264263924,379.4544250430367
177,379.53003063645275,379.52098191610776
178,379.5699017053962,379.5640495417757
179,379.59570121098454,379.5919165572921
180,379.61239533986037,379.6099478303108
181,379.30986611038594,379.3524434497376
182,379.1218931731176,379.14952121335534
183,378.68596010019786,378.7481730989445
184,378.41121170726706,378.4516217639846
185,378.2329816463947,378.2591958386845
186,378.1173568075669,378.13436544814255
187,377.72692444042764,377.7824964684902
188,377.4814103239442,377.517540717885
189,377.3219377287175,377.34540159443486
190,377.85013698380754,377.7762885094293
191,378.176153362867,378.12822805419546
192,378.38736692684904,378.35630600983365
193,378.5242108523714,378.5040893659808
194,378.61287297878346,378.5998362394326
195,378.3557205855232,378.3916753292837
196,378.19697740025305,378.220333021629
197,378.0939998229031,378.1091552522928
198,378.0271948460683,378.0370277819021
199,377.9838559470954,377.99023541035314
200,377.6402009555268,377.6889012769841
201,377.4250778106733,377.456744671592
202,377.2853452268269,377.3059178848194
203,377.19457929581625,377.2079412115436
204,377.1356199015392,377.1442995168851
205,377.09732127510347,377.10296118230224
206,377.38874130583685,377.34775316285976
207,377.5696719019814,377.5430554378119
208,377.6870436635081,377.6697760234342
209,377.76318744481915,377.7519812757874
210,377.9387626937205,377.91368006012755
211,378.04936383599306,378.0330929113262
212,378.12107655626676,378.1105284483286
213,378.16757558881,378.16073724739107
214,378.1977257792501,378.19329286795664
215,378.2172753310132,378.21440185358614
216,378.2299512772132,378.2280895361521
217,378.2381704984089,378.23696422152176
218,378.2434998279048,378.2427189122604
219,378.24695541841515,378.24645012479107
220,378.5639428208373,378.5191992436061
221,378.7611296460758,378.7321324419287
222,378.5745062749793,378.60009332553204
223,378.4615762296397,378.4781997099523
224,378.388357243191,378.39913906537015
225,378.34088184448507,378.34787457905236
226,378.31009852917305,378.31463417504006
227,378.29013841596054,378.2930809912512
228,378.2771961560108,378.27910575961704
229,378.2688043937042,378.27004347666997
230,378.26336307062155,378.2641675289441
231,378.25983483706614,378.26035773901316
232,378.2575471245708,378.257887339956
233,378.25606376608556,378.2562854274389
234,378.25510192969386,378.25524679421767
235,378.2544782672732,378.25457332225847
236,378.2540738800293,378.2541366182399
237,378.25381167382517,378.25385344727704
238,378.253641657457,378.2536698401439
239,378.2535314156687,378.25355079063706
240,378.25345993580953,378.2534735981267
241,378.2534135867195,378.2534235461264
242,378.2533835317768,378.25339108910885
243,378.2533640460933,378.2533700476073
244,378.2533513782456,378.25335637394204
245,377.93818679044216,377.9827688248649
246,377.42585015267895,377.49953694081177
247,376.7842501663705,376.8770373332626
248,376.3747727061773,376.4352132205008
249,376.10824362385455,376.14758967692205
250,375.93475517405335,375.9603691957085
251,375.82182860296905,375.83850189029323
252,375.7483223010578,375.7591778400929
253,375.70047606895895,375.7075415112897
254,375.6693317112583,375.6739321929804
255,375.64905937515283,375.6520545449026
256,375.6358636858588,375.6378140990447
257,375.62727437459534,375.628544560975
258,375.6216834432823,375.6225106354869
259,375.2994037697565,375.3450806854378
260,375.09756375605593,375.1273722757241
261,374.9660203592912,374.98544530117937
262,374.88028549120196,374.8929463140178
263,374.8244072476596,374.8326595153274
264,374.46825074852484,374.5189479922762
265,374.2440627864667,374.2771835201295
266,374.09776553705075,374.11937651336007
267,374.00229168650714,374.016397819467
268,373.93998630731465,373.94919229603323
269,373.57841219844335,373.62993679520673
270,373.0287823040965,373.10814502759035
271,372.67746958966643,372.72941866913436
272,372.4476178264665,372.4816071678644
273,372.2972305216036,372.3194731843588
274,372.19883609206994,372.2133891886285
275,372.13445865643297,372.1439814869025
276,372.0923380921998,372.09856832021615
277,372.0647793388683,372.06885657447503
278,372.04674835750757,372.04941620764913
279,372.0349510659392,372.0366967853313
280,372.0272323338725,372.0283748235066
281,372.0221821455656,372.0229298531852
282,372.0188779065231,372.0193673597231
283,372.0167160143854,372.01703648181825
284,372.0153015362401,372.01551141074475
285,372.0143760690182,372.0145135962083
286,372.01377055862025,372.0138607327973
287,372.0133743845873,372.0134335841319
288,372.01311516310244,372.0131541034128
289,371.68953127532916,371.73550235995583
290,371.4858933152805,371.51604344663775
291,371.3524915870739,371.3722420179824
292,371.26509648258724,371.2780378999373
293,371.20784205632884,371.2163227046627
294,371.1703336870949,371.17588970005846
295,371.14576106922294,371.1494007542124
296,371.12966286696536,371.1320476561584
297,371.1191165930083,371.1206789171741
298,371.11220744714257,371.1132310930669
299,371.1076810837214,371.10835194844566
300,371.1047157815432,371.1051553334361
301,371.10277312491064,371.1030612145948
302,371.10150044086896,371.1016893211856
303,371.10066667965856,371.10079052668124
304,371.1001204587071,371.1002017229911
305,371.0997626162644,371.09981597812487
306,371.0995281842943,371.0995632717815
307,371.0993746337406,371.0993977433228
308,371.42347700351706,371.37744955433675
309,371.6271624079375,371.5970143267767
310,371.7604238946959,371.74069874103554
311,371.84761438898863,371.8347087841494
312,371.90466150027385,371.89621780070183
313,371.9419863062502,371.9364624461175
314,371.9664073416249,371.96279305596045
315,371.9823854862108,371.98002113492424
316,371.9928397211872,371.99129296800487
317,371.99967973772254,371.99866783110787
318,372.0041550172694,372.0034931430486
319,372.0070831007111,372.00665032330534
320,372.0089989053443,372.00871591795743
321,372.0102523746561,372.0100674170269
322,372.01107249625494,372.01095167873405
323,372.3346054497769,372.28868611585506
324,372.5376813368491,372.50764024142734
325,373.0568772523333,372.9824330102013
326,373.3856441161514,373.33703506240255
327,373.6001346832484,373.568420987475
328,373.7400750335978,373.7193844265999
329,374.1519708432748,374.09302468589186
330,374.41208988901343,374.37365210197265
331,374.5815762698352,374.5565287546545
332,374.69201188991974,374.6756916368949
333,374.7639708963166,374.7533372618876
334,374.8108589032399,374.80393000269527
335,374.8414106296575,374.8368967328823
336,374.8613179752564,374.8583772736382
337,374.8742894316628,374.8723739844734
338,374.8827415720568,374.8814938876052
339,374.88824891651825,374.88743630537437
340,374.89183743259156,374.8913085069466
341,374.8941756921531,374.8938315662169
342,374.8956992866518,374.8954755539844
343,374.8966920490173,374.89654677252014
344,374.89733892214764,374.89724478653784
345,374.89776042212105,374.89769960259366
346,374.8980350684781,374.897995952854
347,374.8982140252579,374.8981890579643
348,374.89833063321765,374.89831488327974
349,374.89840661377417,374.89839686782705
350,374.8984561230034,374.89845029243884
351,374.8984883826091,374.8984851009123
352,374.8985094037023,374.89850778509316
353,374.8985231010842,374.89852256511995
354,374.8985320251042,374.8985321932452
355,374.8985378403346,374.898538468724
356,374.898541628455,374.89854255514507
357,374.89854409719345,374.8985452195871
358,374.89854570475126,374.89854695316177
359,374.898546752662,374.8985480844426
360,374.8985474355352,374.8985488213003
361,374.89854787880347,374.8985492980702
362,374.8985481696948,374.8985496141366
363,374.89854835893004,374.89854981782423
364,374.8985484827182,374.8985499521694
365,374.898548561798,374.8985500357142
366,374.89854861312784,374.89855009097016
367,374.8985486465585,374.8985501270441
368,374.8985486677778,374.8985501494326
369,374.8985486826721,374.89855016652064
370,374.8985486930488,374.8985501783581
371,374.8985486987683,374.8985501833832
372,374.89854870236155,374.89855018725945
373,374.89854870413853,374.8985501886687
374,374.8985487063542,374.8985501922073
375,374.89854870736826,374.8985501927946
376,374.8985487096494,374.89855019691043
377,374.5789480556135,374.624312978298
378,374.37867943326563,374.4083050769451
379,374.24802261314164,374.26735178007067
380,374.1627777999493,374.1753891863375
381,374.1071613537718,374.11538909717916
382,374.07087533953927,374.07624281998636
383,374.04720111324644,374.05070248458355
384,374.0317551667339,374.03403976437073
385,374.02167773621477,374.0231685449275
386,374.0151028901765,374.0160759386286
387,374.010813281602,374.01144835909827
388,374.00801458011136,374.00842936110047
389,374.00618862469526,374.0064596886354
390,374.0049973287603,374.00517454853406
391,374.00422008858413,374.00433610374205
392,374.0037129691634,374.0037890632301
393,373.6826042182026,373.7281514250457
394,373.4811052346231,373.51089024399636
395,373.34947849820446,373.368929439844
396,373.2634900375315,373.27619471483706
397,373.2073164229965,373.2156147694966
398,373.4920776280197,373.4519542644686
399,373.66958333040077,373.64337585173797
400,373.7853875209319,373.76828637908005
401,373.86094051488027,373.8497856719206
402,373.9102335624203,373.90295690595724
403,373.9423937409106,373.93764666128675
404,373.963375845411,373.960279406971
405,374.0411765159984,374.0300800660819
406,374.0902720188948,374.08302886147675
407,374.4424915093324,374.3924689772061
408,374.85543716697583,374.7956991354643
409,375.43817320402036,375.35420078222404
410,375.80878255776344,375.7541918565864
411,376.3673593931275,376.2870355886215
412,377.1652049792728,377.0504908815723
413,377.6708596232119,377.59650003329125
414,377.99855418269857,377.95038237873473
415,378.21092531674634,378.17971344940287
416,378.3485580614151,378.32832457691563
417,378.4377532053533,378.4246334339009
418,378.4955560907893,378.4870592762311
419,378.21823995843744,378.2571609130537
420,377.73095781205325,377.8007941887684
421,377.42245575914876,377.46785950731305
422,376.9055061893647,376.97977165380246
423,376.57732512547585,376.62567734967365
424,376.363823521344,376.3952895634266
425,376.41542487843265,376.4089643701076
426,376.761205488319,376.7121746004218
427,376.97754360148537,376.9456710462432
428,377.1179928368826,377.0972951188661
429,377.20917765338,377.1957407037628
430,377.2683790190487,377.2596545136879
431,377.3068148007256,377.3011524018724
432,377.3317691157407,377.3280944207673
433,377.34797067651334,377.34558667180073
434,378.4309689225097,378.2780882201279
435,379.10347251212147,379.0045690551624
436,379.538171964849,379.4742241514803
437,379.81916258810105,379.7778313483791
438,380.00079801561117,379.97408587288413
439,380.11820921460645,380.10094587900363
440,380.1941050897427,380.18294882651287
441,380.2431648611567,380.23595687766925
442,380.2748779003597,380.27021934503887
443,380.29537719886315,380.29236852496837
444,380.30862820711627,380.3066856556923
445,380.31719381026596,380.31594016225785
446,380.3227307532583,380.32192174653653
447,380.32630981061885,380.3257885323349
448,380.32862333904916,380.32828801721416
449,380.3301188246816,380.32990364771575
450,380.6430803916221,380.59900520992693
451,380.83711782244103,380.8086501261451
452,380.9623812022669,380.94399352783347
453,381.04324622487655,381.03137421839267
454,381.0954501548787,381.0877869957515
455,381.12915169203336,381.1242054553607
456,381.1509083447322,381.14771783140293
457,381.16495395243817,381.16289695877583
458,381.1740216133042,381.1726952345302
459,381.1798754027817,381.1790209963272
460,381.18365445959137,381.1831048305917
461,381.18609416085053,381.18574094232946
462,381.18766913688006,381.18744288609963
463,381.1886859008802,381.1885416414825
464,381.1893422968134,381.18925095548957
465,381.1897660506743,381.18970887394767
466,381.1900396147847,381.1900044930752
467,381.19021621787124,381.19019533822586
468,380.87906017741756,380.9229558550675
469,380.06165394117386,380.17821448391555
470,379.5479502983693,379.6235606875492
471,379.2150448867552,379.2640515743463
472,379.8142150302945,379.73100427626923
473,380.180310620964,380.126474039023
474,380.1044611082276,380.11374555833913
475,380.0634348704001,380.06947187220084
476,380.036907026831,380.04081396668045
477,380.01975049956826,380.0222792262826
478,380.00865475284553,380.0102913841242
479,380.001478592598,380.0025387499017
480,379.99683749007204,379.9975246897684
481,379.99383590064014,379.9942818323186
482,379.99189464784695,379.99218451663626
483,379.99063914331526,379.9908281699604
484,379.98982716907176,379.98995089074987
485,379.9893020215533,379.9893835554706
486,379.98896239326166,379.9890166025713
487,379.98874273896627,379.9887792898032
488,379.9886006771862,379.98862581251046
489,379.9885088024266,379.98852654818324
490,379.98844938265825,379.98846235093237
491,379.98841093218914,379.9884208119116
492,379.6755258576542,379.71971552033347
493,379.167424599023,379.24038552004185
494,378.8460300894468,378.89337562057204
495,378.63764059445646,378.66834926933785
496,378.502520613914,378.52242995832904
497,378.41490676521175,378.42781842832915
498,378.3580975363804,378.36646842866577
499,378.0061994264924,378.0561635503475
500,377.78583405921313,377.8183056624665
501,377.64277018905636,377.66384363978096
502,377.233806070298,377.292185207374
503,376.6592426597022,376.74204640502154
504,376.29340003134706,376.34733070281476
505,376.0552741173608,376.09037583882787
506,375.90027415918166,375.9231229669506
507,375.79938243691834,375.81425699379554
508,375.73371066270005,375.7433950786049
509,375.6909642600011,375.69726861117607
510,375.66314004214075,375.66724389038444
511,375.64502871661625,375.647701309883
512,375.6332399225939,375.6349800177908
513,375.6255664155406,375.626699488712
514,375.62057160571885,375.6213095625072
515,375.6173203773384,375.61780138762293
516,375.61520411552345,375.6155178640166
517,376.3133802550065,376.2147666754495
518,376.7485697809616,376.6844756239731
519,377.03102329714807,376.98943347823734
520,377.21435827739003,377.18736679732757
521,377.33335644937915,377.3158395236354
522,377.41059504901415,377.39922827828383
523,377.4607288085801,377.45335257347097
524,377.49326940818315,377.48848223014346
525,377.51439048369195,377.5112847753563
526,377.528099739248,377.52608432922256
527,377.536997936538,377.5356908668444
528,377.54277354043796,377.54192604010444
529,377.5465223199947,377.5459731411439
530,377.54895555347116,377.5485999598166
531,377.55053487463414,377.55030502943583
532,377.2354819954401,377.2800085797439
533,377.0388527488468,377.0678288445055
534,376.59414510102016,376.657811437604
535,376.31290229973536,376.3543730610187
536,376.1298907806491,376.1568833156996
537,375.692682523053,375.7552827489462
538,375.09708844299263,375.18311413609763
539,374.39689828208697,374.49842788418266
540,373.94772814605915,374.01408689762803
541,373.65430618160286,373.6976564674211
542,373.46262256578933,373.4909497942668
543,373.3374030540807,373.3559102847124
544,373.2556015724492,373.26769096944014
545,373.2021631130226,373.2100610252679
546,373.1672535956498,373.1724124204129
547,373.1444481938054,373.147818585721
548,373.1295501772529,373.13175224443734
549,373.1198177956296,373.12125663615427
550,373.11345994225394,373.114400274972
551,373.1093065734865,373.10992121906156
552,373.10659332299855,373.10699515413125
553,373.104820847405,373.10508362994784
554,373.10366294112697,373.10383492625334
555,373.10290651953284,373.1030191837865
556,373.1024123721924,373.1024862856525
557,373.1020895643974,373.1021381475378
558,372.7799086063317,372.8256255687642
559,372.57747051002434,372.6074075716924
560,372.4450597274686,372.4646420961434
561,372.3584482734204,372.37125981212637
562,371.97876669707557,372.0330170655324
563,371.7384265929585,371.77399447989524
564,371.5810216357854,371.60431711126813
565,371.153810435315,371.2151229956197
566,370.5571080940565,370.6435439432619
567,369.84783600516204,369.9510067700831
568,369.16114729441557,369.26157610348696
569,368.7151584431624,368.7812781432313
570,368.42166671991174,368.46518275424387
571,368.2285261054792,368.2571631887399
572,368.1014241242889,368.12026795638724
573,368.0177805839293,368.03018023577977
574,367.9627360519261,367.97089749039594
575,368.4189447207251,368.3542977596047
576,369.03324030573884,368.9442351299511
577,369.42773211541396,369.36930361278695
578,369.6864976002086,369.64817048996014
579,369.8562389003557,369.8310999297745
580,370.2932829714952,370.2305388722365
581,370.8960965615927,370.8088442580498
582,371.2821083690591,371.2249876766071
583,371.5346622201649,371.49728945055836
584,371.69990370524613,371.6754472337323
585,371.80801711544467,371.7920173484368
586,371.87875398783024,371.86828490575186
587,371.9250356081345,371.9181860850565
588,371.9553167924471,371.95083547891653
589,371.65166397317495,371.6946873687867
590,371.4610854609405,371.4893070739001
591,371.3362392447638,371.35472971835276
592,371.25444964440686,371.2665644224092
593,371.2008674644728,371.2088042859142
594,371.1657644103087,371.1709646161606
595,371.1427676439795,371.1461742542415
596,371.1277018404093,371.1299337240623
597,371.11783181712275,371.11929450268434
598,371.4355551563704,371.39045204345933
599,371.9585660636199,371.8830897546573
600,372.6145959553963,372.51946856321325
601,373.35603811398096,373.2483178994877
602,373.83096710505805,373.76072637856265
603,374.1405019299225,374.09472213345475
604,374.3422453841308,374.3124056376529
605,374.473733768648,374.4542858260668
606,374.5594330004457,374.54675804993764
607,374.93485112336145,374.8812683184841
608,375.1709741462931,375.1360602462532
609,375.3246658460898,375.3019421487464
610,375.4247081430866,375.4099160064075
611,375.4898279797331,375.4802000228158
612,375.53221613932186,375.52594967988443
613,375.55980767174015,375.5557292966082
614,375.57776772858966,375.5751133937317
615,375.58945833400975,375.5877313389417
616,375.5970680860091,375.5959444630925
617,375.28334913525134,375.3278476374657
618,375.0871044381479,375.1161430205166
619,374.95920565436444,374.9781324810621
620,374.8758459429472,374.888181152691
621,374.8215149007777,374.8295550372999
622,374.7861038429905,374.79134507914404
623,374.76302423707494,374.76644108839497
624,374.74798184705594,374.7502091216261
625,374.7381777211595,374.73962987284096
626,374.09172540078794,374.18361646259285
627,373.36464214038966,373.4704248817794
628,372.8972224142688,372.96646788651657
629,372.5914030691338,372.6367095161442
630,372.3913102721515,372.42095376569625
631,372.2603927590071,372.27978821932976
632,372.8198854467731,372.7409588045997
633,373.16835778996006,373.1167883705669
634,373.39576065733314,373.3621036377987
635,373.5441637961483,373.52219951521386
636,373.64101206647734,373.626678500167
637,373.70421549642043,373.6948617530141
638,373.74546221846657,373.73935832208144
639,373.7723799355581,373.7683968968782
640,373.7899465323661,373.7873473364258
641,373.80141048672823,373.7997147779031
642,373.80889193087353,373.80778558691406
643,373.8137743249946,373.813052701747
644,373.8169605895947,373.8164900362764
645,373.819039950258,373.8187333025958
646,373.82039695779406,373.82019720145746
647,373.82128254186824,373.82115254856984
648,373.8218604752392,373.82177601399104
649,373.82223763561507,373.82218290264944
650,373.8224837737269,373.8224484371327
651,373.5016181707057,373.5472084742106
652,373.30024389319294,373.33006276460685
653,373.16866200434157,373.1881507503894
654,373.08268155883826,373.09541434309483
655,373.0264976719062,373.03481959992706
656,372.98978494457174,372.99522313745865
657,372.9657952851062,372.9693487986671
658,372.95011934733384,372.952441648491
659,372.93987602774416,372.9413936655546
660,372.93318256930263,372.9341746306372
661,372.9288088048703,372.9294572281224
662,372.9259507761453,372.9263748047737
663,372.924083220759,372.92436060610135
664,372.9228628837666,372.92304442200907
665,372.92206546115375,372.9221843787931
666,372.9215443929136,372.92162238197926
667,372.92120390530715,372.9212551401955
668,372.9209814141242,372.9210151788701
669,372.92083602800506,372.9208583746692
670,372.92074102797756,372.92075591107687
671,372.92067895074456,372.9206889568207
672,372.92063838770235,372.9206452094102
673,372.920611882235,372.92061662205407
674,372.92059456350086,372.9205979441573
675,372.92058324621115,372.9205857378564
676,372.920575852597,372.9205777656043
677,372.92057102258656,372.9205725577695
678,373.2423617316026,373.1967278491571
679,373.76516874000254,373.68986858112754
680,374.4178708385222,374.32343103778095
681,374.834464208615,374.7729649180321
682,375.1056271631693,375.0656038903099
683,375.28213323793483,375.2560843160692
684,375.0780902110968,375.10630131392537
685,374.9533217659665,374.97173979787897
686,374.87200909936803,374.8840115119714
687,374.81901280335796,374.82683592588734
688,374.7844724201669,374.7895698451697
689,374.761960214982,374.7652835699637
690,374.74728785889437,374.74945475258266
691,374.7377251509926,374.73913792833287
692,374.73149259138233,374.7324140336329
693,374.72743056031777,374.7280313422888
694,375.0441868163682,374.99938302695836
695,375.2421482409066,375.21295302748774
696,375.370998792877,375.35199405609103
697,375.77331001485595,375.7159153043735
698,376.02664921424645,375.98931676018645
699,376.19133534656703,376.16706710102847
700,376.2983938265208,376.2826211798344
701,376.3679904962906,376.35773874519026
702,376.6035862747494,376.5700275896246
703,377.44798838853643,377.32790955670635
704,378.29215611130326,378.1699188137569
705,379.14414007095763,379.0207392938465
706,379.68649939981964,379.60672864127616
707,380.0368973674251,379.98536087926453
708,380.63775029062253,380.5516687021863
709,381.01572592771396,380.960165448229
710,381.25954511072774,381.2237059838295
711,381.4168290504431,381.3937055898917
712,381.51828907239303,381.50337446666
713,381.58373917765164,381.57411996568425
714,381.62595996742095,381.61975616335377
715,381.65319570679617,381.6491964000137
716,381.6707651844306,381.6681865512161
717,381.3714740891437,381.413649648308
718,380.87486518286977,380.94610495870205
719,380.4369003196063,380.50062854289064
720,380.1567132361015,380.19796058699274
721,380.28788231562237,380.27045937306093
722,380.3646235053607,380.35333403451887
723,380.4142117231657,380.4069149157424
724,380.7581129920426,380.7093878595469
725,380.9720555008644,380.9405834178134
726,381.11013268323035,381.08982192573745
727,380.8879847127525,380.9188159693783
728,380.7524261291706,380.7723820563245
729,380.6648274584272,380.6777243790692
730,380.2961749842524,380.3485838061163
731,379.7528938370649,379.8310541709175
732,379.4089418429825,379.459615632975
733,379.18609787684295,379.2189282281467
734,379.0417145154428,379.0629868343242
735,378.9481670931179,378.9619508494371
736,378.5732407051554,378.6266154759166
737,378.3380952779508,378.3727516254606
738,378.5003847691272,378.47837108245153
739,378.59743957679524,378.58314857980184
740,378.6603169858258,378.6510588977296
741,378.70105580453026,378.69505914694366
742,378.72745085000673,378.7235678151801
743,378.7445526071913,378.74203796429384
744,378.75563296195503,378.7540050580705
745,378.76281201839214,378.76175868385235
746,378.7674634164284,378.76678216218824
747,378.7704770821703,378.77003709855336
748,379.086487283719,379.0418852099594
749,379.28290130664726,379.25401289193815
750,379.4099903977338,379.39129884511266
751,379.49222641647793,379.48013300895286
752,379.5454394138027,379.53761338244436
753,379.5798717757983,379.574809606919
754,379.2887825174379,379.3297573156109
755,379.67244514467217,379.61941126883943
756,379.9059700922423,379.87163038795745
757,380.05691148259507,380.0347194984932
758,380.40430212246906,380.3547463407881
759,380.93383242035037,380.85792145835626
760,381.5780952425183,381.4854108979693
761,381.985076039991,381.9253562240979
762,381.9373252530956,381.9424803937508
763,382.2243860389574,382.18415833545185
764,382.77241197619736,382.69435110514166
765,383.42365323395165,383.3301729292572
766,384.20282803256765,384.0910276779032
767,384.6930416126861,384.62126939684117
768,385.0073832508873,384.9613939074174
769,385.2089679727973,385.179466468526
770,385.33823550108775,385.31932364081274
771,385.42113040894606,385.4090157755233
772,385.4742898900216,385.4665243881147
773,384.89686823810706,384.97777523812846
774,384.5412860017493,384.5933328153955
775,384.00555026523057,384.0821982912684
776,383.3605536736497,383.45324516689396
777,382.6437665672855,382.74703117309525
778,382.18905706402757,382.25576049425496
779,381.5852758994312,381.67201146687955
780,381.2030318554156,381.2591406156402
781,380.95602016270146,380.99230078006076
782,380.7963963244634,380.81983546336926
783,380.6932400881691,380.70838892274793
784,380.68892931932265,380.6899401138617
785,380.68454607579497,380.68519453765225
786,380.99324298840304,380.94981904129196
787,381.18444390835924,381.1563835094679
788,380.6851724226964,380.7548720244492
789,379.4399652597672,379.61771104169765
790,378.02581588577544,378.2304452476327
791,377.1212523320519,377.2546178814187
792,376.53232942579723,376.61918537874874
793,376.14889664774853,376.2054426056454
794,375.89924688099745,375.93608670450755
795,375.7367074246298,375.76069819806725
796,375.63088067020357,375.64650552998717
797,374.9241390655118,375.0247294562252
798,374.4792349057005,374.5449915509828
799,374.1888349671162,374.23175132371495
800,373.9992732703169,374.0272652605716
801,373.87553078358434,373.893801584359
802,373.79475643013035,373.80668112090484
803,373.7420298149129,373.7498134463265
804,373.7076119037965,373.7126926535196
805,373.68514516122644,373.6884623318289
806,373.670479885291,373.67264498438897
807,373.6609068029136,373.66232121302676
808,373.65465800504177,373.6555816418891
809,373.0076842463683,373.0994397064136
810,372.60084087296315,372.66096584379585
811,372.3345974217623,372.37395667239184
812,372.1603582160732,372.18611224105973
813,371.7229670153864,371.78571192074753
814,371.44468309370774,371.4858468262102
815,371.26233501786066,371.2893141315413
816,371.14284487257163,371.16052729037983
817,371.0645442254241,371.07613666058666
818,371.33754962845893,371.2990922006294
819,371.50784835493226,371.48265361122884
820,371.29535966931985,371.32487099685915
821,370.9048881537629,370.96115155119446
822,370.33025155030214,370.4134473654203
823,369.70035825181947,369.7921777133713
824,369.0640922453572,369.1570792319308
825,368.65129002778974,368.71251217441363
826,368.3796380099443,368.4199236052088
827,368.36493657223457,368.36809904129274
828,368.3510305373042,368.35309344163835
829,368.6697305680296,368.6244528091913
830,368.8705860382531,368.8408105221577
831,369.00250395531924,368.9829470118064
832,369.0891492717304,369.076305206045
833,368.81884851519544,368.85696785244414
834,368.48566279641483,368.5340872105889
835,368.27063815501435,368.30251940705637
836,368.129137078748,368.15011754148026
837,368.0360179119247,368.04982476223984
838,367.9747379582266,367.98382399055686
839,367.93441078549273,367.9403901372396
840,367.9078722394776,367.9118071435761
841,367.8904077269294,367.8929972192239
842,367.8789146462766,367.88061890151124
843,367.87135129260287,367.872472838151
844,367.866373983494,367.86711212448836
845,367.86309851458697,367.8635843215239
846,367.86094299889896,367.8612626777965
847,367.8595244860464,367.8597348859243
848,367.85859099151173,367.858729458095
849,367.85797667557017,367.85806780426503
850,367.85757240515125,367.85763238142
851,367.85730636278913,367.8573458352143
852,367.8571312837451,367.85715727048745
853,367.85701606795726,367.8570331771677
854,367.85694024672836,367.85695151225576
855,367.8568903504447,367.8568977707727
856,367.85685751422017,367.85686240384354
857,367.85683590604054,367.85683913033256
858,367.856821684802,367.85682381211166
859,368.93921444773065,368.7853628047098
860,370.2724581082564,370.07908925723234
861,371.4511888370093,371.27879311093943
862,372.2122302786116,372.0996729181626
863,373.03109596843746,372.91196919512834
864,373.9417324733632,373.8094585366051
865,374.5245280901513,374.4384197963959
866,374.90388283400574,374.8478184813323
867,375.1508109809881,375.1143179980157
868,375.31154275438985,375.2877849601094
869,375.4161658658168,375.4007047585907
870,375.48426790596295,375.4742054462684
871,374.57105618375743,374.70044170668046
872,373.6782654694193,373.8085272629713
873,372.78045424438835,372.91151654697734
874,372.20058513697217,372.2864806680271
875,371.75600472013286,371.82148489902926
876,371.142207769003,371.2312597249354
877,370.48781147577347,370.5833023751407
878,369.86917360976116,369.95977362176274
879,369.40226266226824,369.47114146172623
880,368.86791873458503,368.94583974039404
881,368.52219422051485,368.57350113812873
882,368.4586916188153,368.4690951155989
883,368.7404469843283,368.70062144418455
884,368.91703180072676,368.89084215777314
885,369.3599510255513,369.2962401116631
886,369.96817659870624,369.88000119577987
887,370.3582028236607,370.3003978576176
888,370.6137127849787,370.57583988464654
889,370.7811032165329,370.75629625075993
890,370.8907662660677,370.8745117682829
891,370.76777301937403,370.78483484744163
892,370.3670050929263,370.4244938385005
893,369.786388362355,369.8705956348437
894,369.28247629674223,369.3564860865528
895,369.28149314184867,369.28360142050826
896,369.2723994923889,369.27375031181634
897,369.5930515552039,369.54745984338325
898,369.7949457028788,369.7649995773357
899,369.9273750850988,369.90773485761804
900,370.01424547367003,370.0013632904736
901,370.0060657576439,370.00688745229724
902,369.7415519641323,369.7792354177855
903,369.24791726609607,369.31923839485023
904,368.7680305847994,368.8383116197878
905,368.45646443830265,368.50272418838233
906,368.25142845258864,368.28187409720886
907,368.1164977935883,368.1365318547215
908,368.0277015068364,368.0408856446304
909,367.9692659241455,367.97794222508503
910,367.9308101228576,367.93652142394063
911,367.9055032190293,367.9092610812454
912,367.8888489480574,367.89132217376823
913,367.8778890366283,367.87951663919023
914,367.87067648856004,367.87174740589205
915,367.86592997048155,367.8666347954514
916,367.86280635412857,367.8632702790195
917,367.86075075830325,367.8610560672491
918,367.85939800239504,367.8595988928611
919,367.8585077615066,367.85864000619785
920,367.857921912628,367.8580089394402
921,367.8575363725108,367.85759364486177
922,367.8572826515544,367.85732035402725
923,367.857115682747,367.85714050086574
924,367.85700580296873,367.85702214186267
925,367.85693349297253,367.8569442511208
926,367.85688590641223,367.8568929924358
927,367.8568545898577,367.8568592598463
928,367.85683398092846,367.85683706038037
929,367.8568204186277,367.85682245158614
930,367.8568114934714,367.8568128376122
931,367.85680561975937,367.85680651037865
932,367.8568017546722,367.8568023474036
933,367.85679921079924,367.8567996068323
934,367.8567975364853,367.85679780307936
935,367.8567964346153,367.8567966161622
936,367.8567957093049,367.8567958346582
937,367.8567952315886,367.85679531964763
938,367.8567949177145,367.856794982172
939,367.8567947115949,367.85679476057993
940,367.8567945754598,367.8567946133102
941,367.856794485799,367.8567945167326
942,367.85679442679344,367.8567944531666
943,367.8567943883194,367.85679441212835
944,367.8567943632225,367.8567943852912
945,367.8567943465512,367.85679436712843
946,367.8567943362503,367.8567943568292
947,367.8567943295653,367.8567943496291
948,367.85679432516366,367.8567943448836
949,367.8567943226007,367.85679434250625
950,367.85679432079644,367.8567943403791
951,367.8567943197526,367.85679433944296
952,367.8567943187558,367.8567943379904
953,367.8567943180553,367.8567943372354
954,367.8567943175943,367.85679433673886
955,367.85679431745814,367.85679433678393
956,367.85679431722167,367.85679433633345
957,367.8567943170432,367.85679433614155
958,367.85679431725737,367.8567943367507
959,367.85679431710867,367.85679433620743
960,367.85679431696667,367.8567943360548
961,367.8567943170393,367.8567943363231
962,367.8567943171077,367.8567943363973
963,367.8567943169854,367.8567943360706
964,367.8567943173815,367.8567943370703
965,367.85679431754204,367.8567943370485
966,367.8567943172888,367.8567943363884
967,367.856794317408,367.8567943368956
968,367.8567943171954,367.8567943362793
969,367.8567943170015,367.85679433605327
970,367.8567943170317,367.85679433626683
971,367.8567943169015,367.8567943359193
972,367.8567943174484,367.8567943372632
973,367.8567943177323,367.85679433737755
974,367.856794318373,367.8567943386099
975,368.02108954989075,367.9977349081381
976,368.12489737381816,368.1095240293272
977,368.02898501483946,368.042210956154
978,368.13432454348555,368.11970910722357
979,368.52739536704496,368.4711995692362
980,368.77710196927546,368.7401688024423
981,368.6136339941026,368.63586406669316
982,368.35061509466414,368.3885527134526
983,368.18176265918703,368.2067361059758
984,368.1034852113944,368.11525656619415
985,368.70713501787026,368.6218851339797
986,369.08641595463706,369.03042111074825
987,369.3353268155212,369.2985778519052
988,369.23733694803855,369.250261426718
989,368.852548572377,368.90746024125315
990,368.5095302875604,368.5596453273995
991,368.2863378252276,368.3193328444098
992,368.1394644982283,368.1611756305192
993,368.0428094944281,368.05711229896696
994,368.14341763698087,368.1295029745026
995,368.0411773454452,368.05533656458874
996,367.97813035287305,367.9874557385424
997,367.93664259395837,367.94277609461494
998,367.90934024246184,367.9133754411316
999,368.25261283632966,368.20408233983716
1000,368.8620414859702,368.77443185478035
1001,369.5784161310671,369.4745661291588
1002,370.3649962618751,370.25089270751965
1003,370.871378425462,370.79667895347217
1004,371.5268175340802,371.4321556157115
1005,371.94687521528533,371.8849893300256
1006,372.22141925033884,372.1809677528212
1007,373.10973454402614,372.9831497067935
1008,373.9912601051721,373.86346895319923
1009,375.19562550554934,375.0224412533867
1010,375.96112561011034,375.84863620322955
1011,376.4581088576622,376.3850321761304
1012,376.7807615828852,376.7333015094734
1013,376.990235374173,376.9594344897454
1014,377.12623423612064,377.1062470830167
1015,376.89801284269066,376.92971148025197
1016,376.7577834344082,376.77840561670587
1017,376.666627426164,376.68003286804196
1018,376.290053704389,376.3435737203595
1019,376.05308766371934,376.0879346050398
1020,376.02603060618253,376.03076518700783
1021,376.00516621598194,376.00823453493285
1022,375.673460312116,375.72037877372895
1023,375.1467246078211,375.2224274456408
1024,375.57691484231555,375.5182185287774
1025,375.83700845252247,375.7987907640192
1026,376.13324861266676,376.0904898052507
1027,376.3225141609768,376.29472097140075
1028,376.4455158375446,376.42746034278457
1029,376.5254558279424,376.51371824773923
1030,376.5774078328133,376.5697810795882
1031,376.928064244022,376.8784921842151
1032,377.14754372262917,377.11534119276456
1033,377.6691410630195,377.5949236985671
1034,377.9974650649681,377.94928044605706
1035,378.2102239261637,378.17899558400677
1036,378.34810365314905,378.3278759125108
1037,378.4374600942445,378.4243501147131
1038,378.18055370983245,378.21638158316506
1039,377.7064809355377,377.7741866371256
1040,377.4065395539846,377.4505929900865
1041,377.5909367468006,377.5661354586907
1042,377.7008490243496,377.6847192468495
1043,378.6541253561364,378.51970503817415
1044,379.24774253512226,379.16081583749786
1045,379.6314473419472,379.5752400625997
1046,379.87946657895145,379.84315226252676
1047,380.03978774140546,380.01631184381324
1048,380.14341750449466,380.12824441849546
1049,380.2104038225669,380.2005906140134
1050,380.25370170911924,380.2473651581384
1051,379.96923977871495,380.00906596414404
1052,379.85569291150784,379.8727007708667
1053,379.7806263959901,379.79162877516484
1054,379.73205252067265,379.7391794572748
1055,379.7006234877493,379.70523523968143
1056,379.6802868206707,379.68327178507195
1057,379.66712767007823,379.6690605292914
1058,379.6586127731833,379.65986608881855
1059,379.6531032866927,379.6539158083729
1060,379.64953833680545,379.6500653624912
1061,379.6472315808597,379.6475738937647
1062,379.64573894761855,379.6459618154047
1063,379.64477311411565,379.64491874797517
1064,379.6441481664676,379.64424377821064
1065,379.6437437785236,379.6438070714741
1066,379.3301827508723,379.37433867266566
1067,379.1350553026086,379.1636958180147
1068,378.37996031177363,378.48714377789344
1069,377.90558971612097,377.9752752128733
1070,377.9130539267217,377.913840398587
1071,377.9098139417874,377.91029427104075
1072,377.9077064309274,377.90801907315847
1073,377.90633921531986,377.9065431024219
1074,377.90545226027615,377.9055855691785
1075,378.3460324868373,378.2839619348319
1076,378.62002396595625,378.57979393274076
1077,378.4830207771601,378.5012690060806
1078,378.40225499697,378.41411719952407
1079,378.34989142021277,378.3575887728516
1080,378.3159398082047,378.32093143344684
1081,378.29392548580574,378.29716344289943
1082,378.27965141103476,378.281752376982
1083,378.27039614836286,378.27175964016857
1084,378.2643950248336,378.26528045394423
1085,378.26050393924834,378.261079052974
1086,378.25798092965886,378.2583549661333
1087,378.2563450151049,378.2565886457021
1088,378.2552842781096,378.2554433895997
1089,378.2545964910674,378.2547007632528
1090,377.93900917252836,377.98353652132283
1091,377.42639030084183,377.4999473437
1092,377.10126585024216,377.1491113012951
1093,376.8899137092528,376.92104257627386
1094,376.7525236276233,376.77275871111044
1095,376.6632099550745,376.67636033644203
1096,376.60514830613135,376.6137008520959
1097,376.5674042676318,376.572966327127
1098,376.54286804385094,376.54648457552827
1099,376.5269176110732,376.5292696118636
1100,376.5165485585492,376.5180791282242
1101,376.5098080105386,376.510803770159
1102,376.5054261203119,376.50607426933885
1103,376.5025775438838,376.5029997728979
1104,376.50072576933263,376.50100097288436
1105,376.18205039244987,376.22715239311276
1106,375.98278921090315,376.0121875112827
1107,375.53476821733113,375.5989970678463
1108,375.25096374347845,375.2928580816531
1109,374.4268496394893,374.54481899379005
1110,373.90481243795097,373.9819632973075
1111,373.5637064708745,373.6141199393602
1112,373.34081527494294,373.3737604909529
1113,372.8733258421756,372.9405456201324
1114,372.57575663441105,372.61977420045145
1115,372.0581484118584,372.1328243116951
1116,371.72738078181,371.7763446530969
1117,371.51069472210605,371.54277510809726
1118,371.3687388283832,371.389759341013
1119,371.275740855268,371.2895120232423
1120,371.2148156914222,371.2238376437516
1121,371.17490252815674,371.180809969026
1122,371.14875397713877,371.15262420228936
1123,371.1316235483994,371.134158699012
1124,371.1204009635678,371.1220619294491
1125,371.11304880183695,371.11413716849563
1126,371.1082322558345,371.10894546912766
1127,371.1050768542891,371.1055441492
1128,371.1030096690618,371.10331593971716
1129,371.10165540819645,371.10185622441327
1130,371.1007682062567,371.10089991147026
1131,371.1001869800224,371.10027341275446
1132,371.0998062087879,371.0998629627076
1133,371.0346660700762,371.04392129532596
1134,370.6688938782086,370.7211246554575
1135,370.1117896669428,370.19239357506723
1136,369.4277954106814,369.52724448067687
1137,368.8880951666863,368.9675565745125
1138,368.53547329715025,368.5877756230599
1139,368.3034209363389,368.33784018546174
1140,368.1507107184373,368.17336753835013
1141,368.0502153417971,368.0651294535732
1142,367.9840817428109,367.9938956111017
1143,367.9405601896044,367.9470179635724
1144,367.91191922229524,367.91616936621983
1145,367.8930711038356,367.8958683142993
1146,367.8806674809185,367.88250845325337
1147,367.8725048538869,367.8737165941813
1148,367.8671331890645,367.86793062412295
1149,367.86359817583923,367.86412296258504
1150,367.86127183211727,367.8616172237357
1151,367.85974090501463,367.8599682092537
1152,367.8587334220954,367.8588830271827
1153,367.85807041400415,367.85816887314576
1154,367.85763409853246,367.85769889374495
1155,367.85734696340364,367.8573896178021
1156,367.8571580063239,367.85718607857757
1157,367.85703365470357,367.85705213597123
1158,367.8569518203823,367.85696398947925
1159,367.85689796623086,367.85690598105157
1160,367.85686252629404,367.856867806379
1161,367.8568392036744,367.8568426846059
1162,367.85682385576166,367.85682615292103
1163,367.8568137551534,367.85681527307594
1164,367.85680710808424,367.85680811319213
1165,367.8568027340932,367.85680340216004
1166,367.85679985514207,367.85680030052777
1167,367.8567979604771,367.8567982597073
1168,367.85679671380825,367.85679691700784
1169,367.8567958934112,367.85679603333347
1170,367.8567953535206,367.8567954517873
1171,367.8567949984046,367.856795069477
1172,367.8567947643747,367.85679481698423
1173,367.85679461031526,367.856794651037
1174,367.85679450892883,367.85679454182156
1175,367.8567944418422,367.8567944691433
1176,367.85679439764397,367.856794421534
1177,367.85679436892474,367.8567943910196
1178,367.8567943497077,367.85679436989886
1179,367.8567943371973,367.85679435663684
1180,367.8567943291727,367.8567943482044
1181,367.85679432391686,367.8567943425431
1182,368.0210962918802,367.9976852488532
1183,368.45304409960977,368.3909043636883
1184,368.7282600381104,368.6874076763197
1185,368.90901938837027,368.882191677038
1186,368.89684682909143,368.89786699583226
1187,368.8267588224878,368.8367707664132
1188,369.1096578722067,369.06963899750116
1189,369.28691045135116,369.2606047855559
1190,369.40326699268473,369.38599788148855
1191,369.4796528209279,369.4683150258237
1192,369.529798270914,369.5223566289082
1193,369.5627180685592,369.55783195357395
1194,369.5843291659067,369.58112099990217
1195,369.5985163121708,369.59641045530867
1196,369.5425424255845,369.5504588025339
1197,369.4421626331641,369.45667305799225
1198,369.37792282160024,369.38746040768035
1199,369.3357302218741,369.34199416462735
1200,369.6345968744069,369.5922059550087
1201,369.82219569385893,369.79435933248993
1202,369.94525040474394,369.92698890057346
1203,370.0259707536653,370.0139917638307
1204,370.07892117728534,370.0710633526788
1205,370.1136552115213,370.10850122933726
1206,370.1364399295333,370.1330588276079
1207,370.15138607094644,370.14916803386166
1208,370.1611903148975,370.15973541770427
1209,370.16762164404395,370.1666673469279
1210,370.17184043392456,370.17121445966717
1211,370.17460786058666,370.1741973498056
1212,370.5018558874222,370.4552650484433
1213,370.7078270951465,370.6772728926293
1214,370.8427593821278,370.8227425085067
1215,370.9311577302484,370.91804301827545
1216,370.9890699770416,370.98047825813336
1217,371.0270101155767,371.021381039883
1218,371.05186581702986,371.0481778322972
1219,371.0681494111302,371.0657343036188
1220,371.0788174303849,371.07723535504164
1221,370.955997063134,370.97343324126786
1222,370.8788493405309,370.8902928320467
1223,370.82828437676693,370.8357839717936
1224,370.7951405222199,370.8000563606423
1225,370.77341582224756,370.7766383879395
1226,370.75917608820725,370.76128829246187
1227,370.74984239260834,370.7512269805173
1228,370.7437244822655,370.7446320616995
1229,370.7397143749451,370.7403094788207
1230,370.73708590022943,370.7374761162766
1231,370.73536302918046,370.7356189130323
1232,370.73423374904115,370.73440155356525
1233,370.7334935313022,370.7336036514078
1234,370.6030121833055,370.6215888120079
1235,370.3256173739939,370.36560941084684
1236,370.1486111289398,370.174878766532
1237,370.03244405201514,370.04968075502245
1238,369.95620208093277,369.9675127257091
1239,369.9061633804771,369.9135867259659
1240,369.8733226013839,369.8781937994957
1241,369.8517687480054,369.8549658208316
1242,369.8376227734803,369.8397211018758
1243,370.15422542226605,370.10925513404686
1244,370.67852186679124,370.6028006734018
1245,371.33765032752353,371.24201044765834
1246,371.76018683252454,371.69763188409905
1247,372.0364256323426,371.9955398672227
1248,372.53975580108767,372.4672401917431
1249,372.8600658826338,372.81269776227697
1250,373.0692037707024,373.03827580324213
1251,373.20575679154547,373.1855668245104
1252,373.294917839447,373.28173309332965
1253,373.35313368307095,373.3445260214482
1254,373.39114479349433,373.3855264179061
1255,373.415963760541,373.41229601204225
1256,373.4321689230103,373.42977468831157
1257,373.4427498146946,373.44118716724864
1258,373.51391022365834,373.5037824960898
1259,373.87965454854043,373.8275626299509
1260,374.10981872813517,374.07583867148605
1261,374.25986461420507,374.2377106903977
1262,374.3576828664645,374.3432393730436
1263,374.4214529788378,374.41203485139124
1264,374.4630258550916,374.4568864144221
1265,374.49012825365764,374.48612627068604
1266,374.50779701238207,374.5051882587374
1267,374.51931563405077,374.5176158544278
1268,374.5268249742534,374.5257174171787
1269,374.5317204911782,374.5309991161471
1270,374.53491201884106,374.53444229669327
1271,374.5369926626515,374.5366869137813
1272,374.53834908096434,374.5381502298854
1273,374.5392333651061,374.539104143043
1274,374.85946131776586,374.8141145739164
1275,375.05972377198236,375.03017518653763
1276,375.190106583573,375.17087371305627
1277,375.9119443267671,375.8093705402185
1278,376.3643224904304,376.29765231650407
1279,376.9749501900721,376.88688315388447
1280,377.3628262750552,377.305723187776
1281,377.6143949629366,377.57736048628004
1282,377.77755599585373,377.75353532168225
1283,378.07256781301044,378.030269581145
1284,378.2588930187327,378.2314553058442
1285,378.5684391476001,378.52399566238915
1286,378.7640377288752,378.73524197818705
1287,378.8906994254992,378.87205494956817
1288,378.6585172201935,378.6908440403892
1289,378.5160504436347,378.5370500723486
1290,378.48661715389574,378.491336026219
1291,378.46591834276273,378.4689715293612
1292,378.4524993131829,378.45447893842675
1293,378.75829421869736,378.715166119876
1294,378.94818480006796,378.9202303278916
1295,379.0711151855462,379.0530217472672
1296,379.1507018781253,379.13899041195054
1297,379.20222716653603,379.19464638870954
1298,379.2355850303167,379.2306789402929
1299,379.2571812613852,379.25400634446413
1300,379.2711627975874,379.2691090260687
1301,379.2802146162051,379.27888631719367
1302,379.286074824061,379.285216278739
1303,379.2898687938515,379.2893141427896
1304,379.2923250228676,379.2919671667318
1305,379.2939151904366,379.2936848148231
1306,379.2949446790737,379.2947968982806
1307,379.358317828074,379.34936751661917
1308,379.3977237079379,379.3919241393639
1309,379.1096179835445,379.1501808019542
1310,378.30205100718905,378.41735876920814
1311,377.7935224246873,377.8684943106771
1312,377.77889966422333,377.7829527770935
1313,377.7612953459389,377.7638937599134
1314,377.7498658763699,377.75155207303953
1315,377.7424491128275,377.7435439937623
1316,378.1791104258619,378.11753045204716
1317,378.76509555686323,378.6808786862421
1318,379.13609447657456,379.0815648023292
1319,379.37608829810506,379.3407951960518
1320,379.53133833116993,379.50851045924935
1321,379.31844144408217,379.3478870469322
1322,379.18859016572924,379.20769591374625
1323,379.1044858083264,379.11686594386913
1324,379.05000885993314,379.0580277747771
1325,379.39115621759186,379.3432483510218
1326,379.60212404411953,379.57110379376786
1327,379.7385590288697,379.7184948320997
1328,379.82679639676763,379.8138227021978
1329,379.88386325375234,379.8754748779952
1330,379.9207709502535,379.9153463603562
1331,379.94464050869095,379.94113369113956
1332,379.96007795926516,379.95781123849446
1333,379.970061999846,379.9685972412961
1334,380.0390449540608,380.0292804766206
1335,380.08204195140416,380.07572431516775
1336,380.1098415366797,380.10575934554475
1337,380.12781619511884,380.12517829293046
1338,380.1394381394015,380.13773392148585
1339,380.4591946293699,380.4140831442855
1340,380.6576618798465,380.62849148300035
1341,380.7858135392321,380.7669769594172
1342,380.86856657239144,380.8564036135673
1343,380.92200356874775,380.9141525642985
1344,380.95651035429063,380.95144327795583
1345,381.165527697504,381.13595114178577
1346,381.2956041400224,381.2764998509085
1347,381.3795312625334,381.3672061953489
1348,381.12273692602236,381.15862006716475
1349,380.9648108926848,380.9880331504187
1350,380.8627848950464,380.87779532055504
1351,380.79686899412934,380.80657029938976
1352,380.75428267134447,380.7605504494095
1353,380.7267683188236,380.73081944821155
1354,380.7089919245925,380.71161092767676
1355,380.69750710308614,380.69919993398156
1356,380.690086839535,380.69118258926414
1357,380.99682443782416,380.95363513727307
1358,381.1867500969995,381.1588606503158
1359,380.6866701747077,380.75642738426745
1360,380.0668166120442,380.15609793484634
1361,379.6733394133631,379.7312079213758
1362,379.4184753809054,379.45596697684147
1363,379.8798202631391,379.81577196448694
1364,380.16180970525176,380.12038353484974
1365,380.3439874222477,380.31721988902143
1366,380.46168523814464,380.4444085778689
1367,380.8494538910224,380.79440037944096
1368,381.0916613567853,381.05612213205166
1369,381.2479414090966,381.22499960400273
1370,381.34877815204976,381.33397301720646
1371,381.41384161698556,381.4042914481957
1372,381.45582383188736,381.44966077396657
1373,381.4829122627526,381.4789363982138
1374,381.5003907742454,381.49782725479565
1375,381.20082160770556,381.2430186634031
1376,380.7037619371845,380.77504145995556
1377,380.3902147814742,380.4363714443758
1378,380.56196408758905,380.53895701042813
1379,380.6632805581333,380.64838399559244
1380,380.7287152115152,380.719095023488
1381,380.7709804706195,380.76476614697617
1382,380.79827972423305,380.7942678765988
1383,380.81591273404854,380.81332313832075
1384,380.8273021560196,380.82563090827466
1385,380.8346586745179,380.83358099636575
1386,380.83941037236735,380.8387159304226
1387,380.8424795372112,380.8420328182306
1388,380.84446197135486,380.84417513732024
1389,380.84574245241447,380.8455588738779
1390,380.2227080153685,380.3107306776607
1391,379.83528745266074,379.89236877700193
1392,379.83483841241934,379.8364145132782
1393,379.82811189042576,379.8291079362292
1394,379.823755885371,379.82440149778955
1395,379.50785318449226,379.55251754538955
1396,379.3112825274447,379.34024662088484
1397,379.1839605867059,379.20272487347563
1398,378.7874545615512,378.8440214218876
1399,378.5383691509128,378.5750868477623
1400,378.37682278338156,378.40064030258293
1401,377.9569158962827,378.0169704473239
1402,377.6923347066957,377.7313714935572
1403,377.5205180723472,377.5458723273675
1404,377.0926637995792,377.15393506495826
1405,376.82259782451746,376.8624762132821
1406,376.6469934672196,376.6729252243558
1407,376.21537293343454,376.2772339570908
1408,375.9425306766001,375.98283721272657
1409,375.76489214043,375.79112881067124
1410,375.6492325675875,375.66631553711863
1411,375.57392823878314,375.5850493494159
1412,375.5248981217325,375.53214018003894
1413,375.4929752955462,375.49769153063386
1414,375.47219077560794,375.47526206034144
1415,375.1398049227695,375.1869982068276
1416,374.9313310746991,374.96213896697736
1417,374.7954292120247,374.81551058850147
1418,374.70683059222813,374.71992263387125
1419,374.64907092227986,374.65760566946705
1420,374.29144075642915,374.3423951202835
1421,373.7455511457328,373.82437183340227
1422,373.39702768884524,373.44858322499744
1423,373.1692374521588,373.2029317737405
1424,373.02035146674956,373.0423765444542
1425,372.9230388951721,372.93743490569113
1426,372.85943471313226,372.8688443105859
1427,372.8178625722895,372.8240130157158
1428,372.7906906492882,372.7947116093666
1429,372.7729310272384,372.77555918531846
1430,373.08332865196405,373.03936410973256
1431,373.27764080831173,373.2489043448773
1432,373.4044741608927,373.3857196418241
1433,373.4872674906319,373.47502442055185
1434,373.5413121378155,373.5333199028789
1435,373.57659064656434,373.57137346222356
1436,373.5996192700947,373.59621371072143
1437,373.6146515038667,373.61242942368256
1438,373.62446420212876,373.62301366671636
1439,373.63086953964785,373.62992312027814
1440,373.63505074799036,373.63443337078365
1441,373.6377801145377,373.63737746893366
1442,373.6395617582846,373.639299258542
1443,373.64072475479907,373.6405537456136
1444,373.64148391852854,373.64137266931783
1445,373.6419794799593,373.6419072117336
1446,373.6423029652728,373.6422561494731
1447,373.6425141250232,373.64248391626626
1448,373.9634957167887,373.91796201953116
1449,374.16447540125796,374.13476077821895
1450,374.6154784911671,374.55074497776764
1451,374.9008663600977,374.85869043309106
1452,375.0866744142342,375.0592146385438
1453,375.52643148239866,375.4633838327888
1454,375.80416289759114,375.7631375853435
1455,375.98475343577746,375.9580772969933
1456,376.10218306508585,376.08483754750597
1457,376.17854220320163,376.16726293687043
1458,376.22819483275583,376.2208611821564
1459,375.94268240003527,375.98297564656036
1460,375.4465352377869,375.5179946616576
1461,374.8120152201383,374.90397747646097
1462,374.4060610353948,374.4661135782051
1463,374.1410707055769,374.1802750005032
1464,373.9680937519551,373.99368774731454
1465,373.85518036427527,373.8718861811583
1466,373.7814738950944,373.7923783018065
1467,373.73336034045457,373.7404800274211
1468,373.76614003892865,373.761676872437
1469,374.1065309360173,374.058126865811
1470,374.32011080351987,374.28852749501266
1471,374.45930754093297,374.43872320348237
1472,374.5500304318977,374.53661725239687
1473,374.609160548428,374.6004188494764
1474,374.6476994420316,374.6420008898382
1475,374.67281729417044,374.6691043527138
1476,374.3693117885566,374.41228647835345
1477,374.17949811952207,374.20758181082505
1478,374.05563239181987,374.073960248374
1479,373.97479758891893,373.9867576719857
1480,373.9220444539616,373.9298506960843
1481,373.8876178205389,373.89271256279613
1482,373.8651509575043,373.868476171122
1483,373.85048905573126,373.85265947347483
1484,373.84092068130866,373.8423374781229
1485,374.1552663433334,374.1107168811983
1486,374.671787677338,374.59735873218557
1487,374.99973937315315,374.95126373713197
1488,375.2132064353807,375.1816473852033
1489,375.35215620395724,375.33161610750807
1490,375.44260233881346,375.42923291178613
1491,375.50147602236757,375.49277337175334
1492,375.53979816591743,375.53413452855284
1493,375.5647430787901,375.5610571022981
1494,375.5809803438002,375.57858145814265
1495,375.2728647144295,375.3165225436517
1496,375.0802708040447,375.1087587333866
1497,374.6352269816985,374.699165016365
1498,374.3530365654109,374.3947922553518
1499,374.16888371124026,374.1961363969654
1500,374.0487060049631,374.0664883355264
1501,373.97027707997114,373.98188431956686
1502,373.9190945923682,373.92666987994363
1503,373.88569279315135,373.8906368212211
1504,373.5429253985045,373.5917426921062
1505,373.0055590665546,373.08321919419376
1506,372.6622783311636,372.7131327339968
1507,372.4376831652859,372.4709536325547
1508,372.29073360948945,372.31250213768027
1509,372.1945870099389,372.2088287243768
1510,372.13167953872954,372.1409986958142
1511,372.09052027949394,372.09661840195866
1512,372.0635906399985,372.0675796666939
1513,372.04597075441364,372.0485816105949
1514,372.0344424670484,372.0361509076584
1515,372.0268996895626,372.0280176933096
1516,372.02196456857666,372.0226962587462
1517,372.34172783697727,372.29632223347073
1518,372.5423335724089,372.512625092445
1519,372.6734106681749,372.6540016102521
1520,372.7590628124867,372.7463792415941
1521,372.8150314178324,372.80674370585405
1522,372.8516037222875,372.846188454838
1523,372.8755015778437,372.87196392922567
1524,372.8911176357573,372.88880564207705
1525,372.90132169156794,372.89981162566085
1526,372.90798953863714,372.9070029903505
1527,372.9123465744106,372.91170226296146
1528,372.9151936575258,372.9147729196721
1529,372.91705406272166,372.9167794173208
1530,372.91826972938884,372.91809056383914
1531,372.91906410087716,372.91894729820217
1532,372.9195831744611,372.9195071325451
1533,372.9199223587741,372.91987296679537
1534,372.9201439992425,372.92011201151047
1535,372.92028882838054,372.92026820891004
1536,372.92038346604437,372.92037027733056
1537,372.92044530737206,372.9204369754508
1538,372.9204857164277,372.92048055350375
1539,372.9205121220526,372.9205090335634
1540,372.92052937678284,372.9205276425527
1541,372.9205406512108,372.9205398009808
1542,372.9205480198857,372.9205477499056
1543,373.2423476981184,373.1967044780329
1544,373.4440547540579,373.4142327507191
1545,373.57568187522503,373.55622217867335
1546,373.6615818538253,373.6488828689879
1547,373.71764013361707,373.7093524303104
1548,374.07491772788217,374.0240480622151
1549,374.29950772494345,374.2663205742634
1550,374.4458805944642,374.4242490822921
1551,374.54127990367124,374.5271843883433
1552,374.6034577250807,374.59427134413687
1553,374.64398268266814,374.6379958722078
1554,374.67039515219136,374.6664940418374
1555,374.68760977363956,374.6850676889451
1556,374.6988295365133,374.6971733559109
1557,374.70614213769267,374.70506320478086
1558,374.71090819926775,374.7102053644135
1559,374.71401449214204,374.7135569928796
1560,374.7160390642423,374.7157413269325
1561,374.7173585883552,374.7171650126408
1562,374.71821859522356,374.71809296197995
1563,374.7187791193171,374.7186977177688
1564,374.7191444427431,374.7190918947645
1565,374.7193825462767,374.71934877909905
1566,374.7195377423971,374.7195162317295
1567,375.1028899236563,375.0485850512206
1568,375.34248148896535,375.30710707380865
1569,375.1795853427251,375.20173308459056
1570,375.08166368021733,375.09612674341344
1571,375.0178646262096,375.0272891522453
1572,375.4228849296152,375.36578228475156
1573,375.67481433923734,375.6376288927966
1574,375.8386651793943,375.814481956687
1575,375.94523700933473,375.9295085294005
1576,376.0145532836076,376.00432299279873
1577,376.0596375881635,376.05298492989965
1578,376.0889611462164,376.08463640538696
1579,376.10803391620004,376.1052219991211
1580,376.1204391920879,376.118610985419
1581,376.12850776721643,376.1273194879085
1582,376.1337557050763,376.13298360826326
1583,376.1371690403894,376.13666769991926
1584,376.13938914434715,376.1390637714775
1585,376.1408331320103,376.1406222134102
1586,376.1417723206747,376.1416358561872
1587,376.1423831823586,376.14229514741976
1588,376.46030891477324,376.4153814022528
1589,376.6586615556621,376.6294518792912
1590,376.78750229291387,376.7685224533831
1591,376.87119280495773,376.8588659112958
1592,376.92555664500486,376.9175473771887
1593,376.9608695369514,376.95566869376495
1594,376.9838081084714,376.9804312225213
1595,377.44155378098714,377.3768093574639
1596,377.72697504964293,377.6849544941708
1597,378.2272328740276,378.1555173520319
1598,378.5430853278289,378.4966180375606
1599,379.06171366211726,378.98731197857677
1600,379.38905574702926,379.3409285590724
1601,379.60076001279964,379.5696273343635
1602,379.73767613705655,379.717544648004
1603,379.8262261871933,379.81320314414916
1604,379.8834943847705,379.8750733217737
1605,379.9205319807678,379.915088681279
1606,379.94448601246756,379.9409667805595
1607,379.95997799696,379.95770365672934
1608,379.96999733317915,379.9685279093636
1609,379.97647723315555,379.9755285573585
1610,379.98066808133063,379.9800559658617
1611,380.3582770567082,380.30505840896274
1612,380.5924937594719,380.55811418138654
1613,381.1796537575521,381.0961352945293
1614,381.54694880124924,381.49306871630057
1615,381.7836905235286,381.7489595695432
1616,381.93628886133473,381.9139001225204
1617,382.0346500340498,382.0202182273148
1618,382.0980508763405,382.08875301790516
1619,382.1389181309473,382.13292701760463
1620,382.1652602739675,382.1614006157517
1621,382.18223987061805,382.17975388022995
1622,382.1931844256461,382.19158495613823
1623,381.579979902147,381.6663116137803
1624,381.1996124326485,381.2554414039474
1625,380.9538115617642,380.9898983165163
1626,380.7949678121603,380.81828581401516
1627,380.69231647882236,380.70738835535724
1628,380.62597949567044,380.6357237129012
1629,381.1438029725227,381.071239685919
1630,381.9599252172401,381.8432760997522
1631,382.47228923101426,382.3971681331795
1632,382.80194443655364,382.75358215298803
1633,382.3959236366911,382.4518226659657
1634,382.14986885199346,382.1860044045337
1635,381.9911586781778,382.0144646303999
1636,381.5784365568472,381.6372061935473
1637,381.56839723807116,381.5713649481764
1638,381.5555539510953,381.5574463565316
1639,381.5472623798542,381.5484858651717
1640,381.2311120417438,381.2756934540454
1641,381.0348281383283,381.06366876679243
1642,380.90802057723454,380.9266587636486
1643,380.8260936628933,380.8381412929331
1644,380.7731634858479,380.78094882402223
1645,380.7389665568453,380.743998583437
1646,380.716872834986,380.7201255657122
1647,380.7025985985826,380.7047019576115
1648,380.6933764558406,380.6947367984767
1649,381.0612047984673,381.00941471917037
1650,382.0339935472605,381.89572181276435
1651,383.3196607686147,383.1352599094038
1652,384.43369129655457,384.27227384169066
1653,385.13927344729115,385.03590307560967
1654,385.2856989512119,385.2624035155035
1655,385.3874344588302,385.3725266589001
1656,385.4526801340619,385.4431224840138
1657,385.1889334155582,385.2257945197638
1658,385.0274163702244,385.05112477759064
1659,385.22965601009247,385.20183924740115
1660,385.6568894413932,385.59609967941583
1661,385.9226771683227,385.88371702499813
1662,385.48289890616286,385.54376611544666
1663,385.3384371869723,385.36037047090747
1664,385.2426028566857,385.25667238656865
1665,385.18109715776103,385.19013042177585
1666,384.529121713012,384.62120270368314
1667,383.5101684600137,383.65628743008244
1668,383.177295160819,383.22807675127467
1669,382.95494178852226,382.9876321684308
1670,382.8116846600399,382.8327477329173
1671,382.71939069724516,382.73296285221875
1672,382.659929785805,382.66867745967556
1673,382.3122392589844,382.3615208139557
1674,382.0958974312734,382.12772131863204
1675,381.6460852832747,381.7104126325634
1676,381.4878187548431,381.5118565816854
1677,382.00329041634603,381.9312566450539
1678,382.3192719234745,382.2728230689104
1679,382.5227282402205,382.4928182393948
1680,382.65373812345393,382.6344823586223
1681,382.1192315488512,382.19417417090904
1682,381.8521221012878,381.89180647214425
1683,381.98836942448116,381.9702016983568
1684,382.0682234677166,382.05648241746894
1685,381.18833391096445,381.31235803164736
1686,380.6429356944266,380.72329965134236
1687,380.2900387403857,380.34204682254386
1688,380.0616872288951,380.0953390199852
1689,379.91392476608956,379.9357035354476
1690,379.19172490278453,379.29449926931255
1691,378.7393302713953,378.80608191774394
1692,378.4458542469243,378.4891564466678
1693,378.2554613320519,378.2835570973373
1694,378.4468552502088,378.4205277834676
1695,378.56275621372276,378.5456673089599
1696,378.6378438463907,378.62677687550223
1697,378.37190665566305,378.4092447098353
1698,378.20748228936696,378.2317361963021
1699,378.1008179299839,378.1165536272789
1700,378.03161965677793,378.04183008863026
1701,377.9867276309923,377.99335264974087
1702,377.9576040924199,377.9619026959869
1703,377.9387102150102,377.94149994756214
1704,377.92645285202894,377.92826387284447
1705,377.9185009617901,377.9196767782596
1706,377.9133421781265,377.9141060126774
1707,377.90999541690877,377.9104921116321
1708,377.90782424732083,377.9081474185833
1709,377.5907979023157,377.6356840571879
1710,377.3929917206897,377.42218465054486
1711,377.26450685227564,377.28346923954985
1712,377.24431084607426,377.2476738103129
1713,377.22956633396245,377.2317445349392
1714,377.219989766406,377.221405715219
1715,377.2137707105283,377.21469089477444
1716,377.2097319058953,377.2103304848063
1717,377.20710906696917,377.20749865006997
1718,377.2054057462426,377.20565966074395
1719,377.2042995894693,377.204465362237
1720,377.20358123128386,377.20368977711183
1721,377.20311471779144,377.20318610641067
1722,377.20281175927903,377.2028590033172
1723,377.2026150095315,377.20264658805587
1724,376.8859379130843,376.93079223872087
1725,376.6881743920266,376.7173740860947
1726,376.55958444444144,376.57857063805005
1727,376.4759682600081,376.4883158980263
1728,376.42159691422574,376.4296267201377
1729,376.38624181510085,376.39146441201075
1730,376.3632522161607,376.3666486488765
1731,376.3483031404424,376.3505124102355
1732,376.0208901690958,376.06735351047905
1733,375.49752519455865,375.57296977691726
1734,375.16454158925865,375.2137502530898
1735,374.947465309107,374.9795433525738
1736,374.8059468195611,374.8268616917749
1737,374.7136874773162,374.7273229101855
1738,374.9730446035908,374.93665938721773
1739,375.1336762547724,375.1099520582813
1740,375.2382553549232,375.22280937072594
1741,375.30634560481184,375.2962894949453
1742,375.3506783867353,375.3441315623382
1743,375.37954291307324,375.37528132924416
1744,375.39833633535187,375.3955622627121
1745,375.410572510497,375.4087669378963
1746,375.41853932947396,375.4173644433455
1747,375.42372646911986,375.42296190156327
1748,375.4271037072175,375.4266066351503
1749,375.4293026104043,375.4289795671932
1750,375.4307342875739,375.43052457121905
1751,375.431666439694,375.43153046439693
1752,375.43227334805067,375.43218541851223
1753,375.43266850022616,375.43261185595253
1754,375.43292578092115,375.4328894878024
1755,375.43309329198644,375.43307025625734
1756,375.4332023562646,375.4331879535662
1757,375.4332733669899,375.4332645830124
1758,375.43331960006327,375.4333144729141
1759,375.4333497025935,375.43334696007366
1760,375.4333693022441,375.43336811090893
1761,375.43338206224246,375.4333818794821
1762,375.43339037106807,375.43339084719094
1763,375.43339578099466,375.43339668527847
1764,375.4333993027735,375.4334004852488
1765,375.4334015962483,375.43340296089013
1766,375.433403089587,375.43340457229783
1767,375.4334040613056,375.4334056204217
1768,375.1145181123168,375.1597126828265
1769,374.91484636988025,374.94434554882764
1770,374.78468143093176,374.8039149292589
1771,374.69982407163747,374.7123611062921
1772,374.64450291383866,374.65267732721713
1773,374.6084377582225,374.61376733793884
1774,374.58492592213224,374.58840088549147
1775,374.24956882917496,374.29721722064795
1776,374.0389098633773,374.0700489672431
1777,373.5804950343908,373.64635903789707
1778,373.2891451554505,373.3322312183705
1779,373.0987235083646,373.12688763970624
1780,372.9742631689065,372.9926716886055
1781,372.89291498004945,372.90494824940737
1782,372.83974553084875,372.8476101117108
1783,372.80499342929323,372.81013449702397
1784,372.459884989144,372.50901708087673
1785,372.2423472520862,372.27453780932524
1786,372.09998655980985,372.1210538250842
1787,372.0068188347078,372.0206064529532
1788,371.94584554154807,371.9548673843475
1789,371.9059412391649,371.9118473347852
1790,371.879826282675,371.8836910064256
1791,371.8627352500413,371.86526491908234
1792,371.8515500919517,371.85320581057266
1793,371.84422998246595,371.8453137447818
1794,371.839439341424,371.8401488520819
1795,371.8363041239348,371.8367686426573
1796,371.83425228775707,371.83455644440187
1797,371.8329094593905,371.8331087117536
1798,371.83203065312733,371.83216122392673
1799,371.83145551758196,371.8315411586423
1800,371.83107912285374,371.8311353466021
1801,371.8308327906528,371.830869770622
1802,371.83067157913746,371.830695958883
1803,371.83056607404995,371.8305822101679
1804,371.83049702695985,371.83050776872545
1805,371.8304518392758,371.8304590503089
1806,371.8304222645337,371.8304271637427
1807,371.8304029104295,371.8304062980908
1808,371.8303902453704,371.8303926444036
1809,371.8303819540439,371.83038370287164
1810,371.8303765362355,371.83037786229534
1811,371.8950537336249,371.8858705583801
1812,372.25879946939045,372.20692805851
1813,372.4881462187849,372.45421845057786
1814,372.638004839348,372.61583135689085
1815,372.7359277578479,372.7214389906878
1816,372.79991443463507,372.7904480241962
1817,372.8417260324419,372.83554058228975
1818,372.86904739708507,372.8650058575967
1819,372.8869002907016,372.8842594289808
1820,372.8985660614209,372.89684053877596
1821,372.906188920387,372.9050616728043
1822,372.91117003238145,372.91043345459747
1823,372.9144248387922,372.91394393814454
1824,372.9165516859712,372.9162377249009
1825,372.9179414519192,372.9177366141614
1826,372.918849588214,372.9187160191549
1827,372.91944300018656,372.9193560083542
1828,372.9198307611907,372.9197741918727
1829,372.9200841394547,372.92004746645375
1830,372.92024970939485,372.9202260318993
1831,372.9203578991519,372.92034270559003
1832,372.92042859369036,372.92041894451006
1833,372.9204747901712,372.9204687684581
1834,372.9205049755372,372.92050131959445
1835,372.92052470060025,372.92052259385224
1836,372.9205375904914,372.92053649548217
1837,372.920546013299,372.9205455790642
1838,372.92055151601426,372.9205515120771
1839,373.2423485112306,373.196717694364
1840,373.44405556143636,373.4142444493425
1841,373.57568290582066,373.5562303545748
1842,373.6615828520647,373.64888855246716
1843,373.7176407554299,373.70935836219405
1844,373.43311599054715,373.4732567088975
1845,373.2554780749257,373.281738281207
1846,373.1394086278791,373.15656677407515
1847,373.0635644491076,373.0747754814113
1848,373.0140049383396,373.0213309145263
1849,372.9816211029282,372.986407154673
1850,372.9604601330407,372.96358778946365
1851,372.94663280933065,372.948676810833
1852,372.93759759067336,372.93893313799737
1853,372.93169361547547,372.9325665141216
1854,372.92783573716537,372.9284064516182
1855,372.92531488031256,372.9256880541724
1856,372.9236676518228,372.92391184229075
1857,372.92259130893086,372.92275112347545
1858,372.9218879859502,372.92199268688955
1859,372.5992244422132,372.6449757418865
1860,372.3964174318723,372.42637354311955
1861,372.26372976559685,372.28333298831006
1862,372.1769167705605,372.18973826088654
1863,372.1201161300639,372.12850884093547
1864,372.08295369524643,372.088444048974
1865,372.05863910314724,372.062231497149
1866,372.0427308118409,372.0450803670955
1867,372.03232232987125,372.03385923049666
1868,372.0255122636009,372.0265180143045
1869,372.0210566670723,372.02171460749673
1870,372.01814144887,372.01857215772463
1871,372.0162341140305,372.01651613972143
1872,372.014986221839,372.01517089104794
1873,372.33714528622636,372.2915729555348
1874,372.53934751320537,372.50953725377224
1875,372.67146531431723,372.6519937097592
1876,372.75779612392074,372.7450697470737
1877,372.8142063020346,372.8058915711889
1878,372.9154733789728,372.90093412494457
1879,372.9799712996178,372.97046813951255
1880,373.02210367010275,373.01589929121496
1881,373.04962710468976,373.04557797939214
1882,373.8386894244245,373.72725951622436
1883,374.6526834549401,374.5350159415862
1884,375.6837734251846,375.5354329933135
1885,376.02224594131036,375.9706343815863
1886,376.25036800242367,376.21684284908406
1887,375.44462313398986,375.55744884621436
1888,374.9434336102787,375.01711716925763
1889,374.6164639516065,374.6645534815121
1890,374.40314665774673,374.4345352392768
1891,374.71184373946744,374.669182933496
1892,374.9014052169883,374.8735700382809
1893,374.705443864893,374.73233967216834
1894,374.5858526558693,374.6034130386995
1895,374.5078738240786,374.5193330571605
1896,374.45702736696654,374.464500083991
1897,374.4238719804549,374.42874303266206
1898,374.4022518641033,374.4054288745051
1899,374.38815418094117,374.3902249900874
1900,374.378961230621,374.38031235170854
1901,374.3729667378996,374.373849159261
1902,374.36905805595444,374.3696338056635
1903,374.3665092796615,374.36688522948833
1904,374.36484729712123,374.3650930059888
1905,374.49175613211577,374.47387553405963
1906,374.57118741170973,374.55952192779324
1907,374.30302582392244,374.34051457724684
1908,374.1362285872556,374.1607199964533
1909,374.02738554004725,374.04337265111855
1910,373.9563589179676,373.96678468428263
1911,374.422536366669,374.35711609566914
1912,374.71299150516484,374.6703948494824
1913,374.9021483005898,374.87438400696215
1914,375.0253291513746,375.00724708125415
1915,375.10554753661506,375.0937797932191
1916,375.15779006423884,375.1501223503685
1917,375.1918112273327,375.186818773718
1918,375.2139670371874,375.2107157853982
1919,374.9092706501451,374.9521099410166
1920,374.71875834609693,374.74673896673113
1921,374.59453985448033,374.61277760572546
1922,374.51353807378365,374.5254413923163
1923,374.4607211723639,374.4684807104692
1924,374.4262801942261,374.4313408730677
1925,374.4038223866794,374.4071215939504
1926,374.3891780219531,374.39133036302655
1927,374.379628903308,374.38103321259933
1928,374.37340227417184,374.374318194621
1929,374.369342019083,374.36993971762087
1930,374.046424284607,374.092005433074
1931,373.8438005520281,373.8735929136207
1932,373.7115106094697,373.730961089719
1933,373.625136406111,373.6378362322452
1934,373.56874184026486,373.5770311249159
1935,373.53192055130046,373.53733354873805
1936,373.5078794184095,373.51141523425616
1937,373.4921829442256,373.49449104892574
1938,373.48193429855644,373.48344230337614
1939,373.4752429333748,373.4762278751861
1940,373.4708740610858,373.4715173758499
1941,373.4680215381282,373.46844194594536
1942,373.4661590863363,373.4664339676527
1943,373.464943069729,373.46512291890554
1944,373.4641491197298,373.46426690097496
1945,373.46363073767844,373.4637079881726
1946,373.4632922762875,373.4633430594843
1947,373.46307129328943,373.4631047833327
1948,373.4629270031612,373.4629492217112
1949,373.46283280365276,373.4628476499521
1950,373.46277129091544,373.46278132668886
1951,373.46273113010085,373.46273802484757
1952,372.819348113978,372.91028505079134
1953,372.414711359327,372.47430776077965
1954,372.1498487648872,372.1888607706405
1955,371.9764685507866,372.00201736177263
1956,371.86297600796456,371.87969749440435
1957,371.7886825294259,371.7996344551142
1958,371.740051088516,371.747218508652
1959,371.7082162449846,371.7129107354617
1960,372.0107824395525,371.96810751872977
1961,372.2002756566482,372.17233934789977
1962,372.3241530663647,372.30588466241176
1963,372.40513888084206,372.39319483241945
1964,372.4580842489879,372.4502766046479
1965,372.492698200536,372.48759363772
1966,372.5153275165714,372.5119902856372
1967,372.53012175069716,372.5279398444687
1968,372.5397936509138,372.53836731731553
1969,372.54611678441813,372.54518454607825
1970,372.5502506437817,372.54964131853274
1971,372.5529531986971,372.55255512791507
1972,372.5547200481862,372.55446000539735
1973,372.5558751519194,372.5557053482965
1974,372.55663031471335,372.5565195427135
1975,372.23443996899573,372.2801114630214
1976,372.03184300775996,372.06177828665574
1977,371.89922709303914,371.9188285364231
1978,371.8124159221202,371.82524859276845
1979,371.75558844636475,371.76398904658544
1980,371.3945908052129,371.4460548435217
1981,371.1014513790002,371.1444330006637
1982,370.91093997226164,370.9391316391715
1983,370.7860383215323,370.80451665083484
1984,370.70414896080473,370.7162617451648
1985,370.9752459954606,370.9371191122812
1986,371.14438570391513,371.1193836363767
1987,371.2551280641953,371.23876025265
1988,371.3276406276925,371.3169225039109
1989,371.375120354908,371.36810186049104
1990,371.40620915870386,371.4016129133103
1991,371.4265653339718,371.42355649531834
1992,371.43989430763503,371.4379239802917
1993,371.4486218126264,371.44733183583173
1994,371.4543364315198,371.45349185964477
1995,371.45807825281685,371.4575253495688
1996,371.46052831962567,371.4601664788099
1997,371.4621325890461,371.46189577600535
1998,371.3983894076056,371.4074295289323
1999,371.29349016864995,371.3086209002577
2000,371.1615856682244,371.1807131915267
2001,371.0768241946151,371.0893638791994
2002,371.0212818053858,371.02950051795176
2003,370.9848857923132,370.99027106359375
2004,370.96103576430824,370.9645651089232
2005,370.88047633886305,370.8920090918112
2006,370.5043724311725,370.558109007485
2007,369.9402046799333,370.02181067989613
2008,369.25124376951777,369.35139173734103
2009,368.7736026590186,368.844180734817
2010,368.4601253078388,368.5065787838168
2011,368.2538337979135,368.2844038695465
2012,368.11807728372554,368.13819842759835
2013,368.02873920090246,368.0419817157333
2014,367.96994780908824,367.9786624509067
2015,367.9312583125456,367.9369937658739
2016,367.90579760846157,367.9095720044123
